,date,type
0,2011-01-01,holiday
1,2011-01-02,holiday
2,2011-01-03,holiday
3,2011-01-04,holiday
4,2011-01-05,holiday
5,2011-01-06,holiday
6,2011-01-07,holiday
7,2011-01-08,holiday
8,2011-01-09,holiday
9,2011-01-10,holiday
10,2011-01-15,holiday
11,2011-01-16,holiday
12,2011-01-22,holiday
13,2011-01-23,holiday
14,2011-01-29,holiday
15,2011-01-30,holiday
16,2011-02-05,holiday
17,2011-02-06,holiday
18,2011-02-12,holiday
19,2011-02-13,holiday
20,2011-02-19,holiday
21,2011-02-20,holiday
22,2011-02-23,holiday
23,2011-02-26,holiday
24,2011-02-27,holiday
25,2011-03-06,holiday
26,2011-03-07,holiday
27,2011-03-08,holiday
28,2011-03-09,holiday
29,2011-03-12,holiday
30,2011-03-13,holiday
31,2011-03-19,holiday
32,2011-03-20,holiday
33,2011-03-26,holiday
34,2011-03-27,holiday
35,2011-04-02,holiday
36,2011-04-03,holiday
37,2011-04-09,holiday
38,2011-04-10,holiday
39,2011-04-16,holiday
40,2011-04-17,holiday
41,2011-04-23,holiday
42,2011-04-24,holiday
43,2011-04-30,holiday
44,2011-05-01,holiday
45,2011-05-02,holiday
46,2011-05-07,holiday
47,2011-05-08,holiday
48,2011-05-09,holiday
49,2011-05-14,holiday
50,2011-05-15,holiday
51,2011-05-21,holiday
52,2011-05-22,holiday
53,2011-05-28,holiday
54,2011-05-29,holiday
55,2011-06-04,holiday
56,2011-06-05,holiday
57,2011-06-11,holiday
58,2011-06-12,holiday
59,2011-06-13,holiday
60,2011-06-18,holiday
61,2011-06-19,holiday
62,2011-06-25,holiday
63,2011-06-26,holiday
64,2011-07-02,holiday
65,2011-07-03,holiday
66,2011-07-09,holiday
67,2011-07-10,holiday
68,2011-07-16,holiday
69,2011-07-17,holiday
70,2011-07-23,holiday
71,2011-07-24,holiday
72,2011-07-30,holiday
73,2011-07-31,holiday
74,2011-08-06,holiday
75,2011-08-07,holiday
76,2011-08-13,holiday
77,2011-08-14,holiday
78,2011-08-20,holiday
79,2011-08-21,holiday
80,2011-08-27,holiday
81,2011-08-28,holiday
82,2011-09-03,holiday
83,2011-09-04,holiday
84,2011-09-10,holiday
85,2011-09-11,holiday
86,2011-09-17,holiday
87,2011-09-18,holiday
88,2011-09-24,holiday
89,2011-09-25,holiday
90,2011-10-01,holiday
91,2011-10-02,holiday
92,2011-10-08,holiday
93,2011-10-09,holiday
94,2011-10-15,holiday
95,2011-10-16,holiday
96,2011-10-22,holiday
97,2011-10-23,holiday
98,2011-10-29,holiday
99,2011-10-30,holiday
100,2011-11-04,holiday
101,2011-11-05,holiday
102,2011-11-06,holiday
103,2011-11-12,holiday
104,2011-11-13,holiday
105,2011-11-19,holiday
106,2011-11-20,holiday
107,2011-11-26,holiday
108,2011-11-27,holiday
109,2011-12-03,holiday
110,2011-12-04,holiday
111,2011-12-10,holiday
112,2011-12-11,holiday
113,2011-12-17,holiday
114,2011-12-18,holiday
115,2011-12-24,holiday
116,2011-12-25,holiday
117,2011-12-31,holiday
118,2012-01-01,holiday
119,2012-01-02,holiday
120,2012-01-03,holiday
121,2012-01-04,holiday
122,2012-01-05,holiday
123,2012-01-06,holiday
124,2012-01-07,holiday
125,2012-01-08,holiday
126,2012-01-09,holiday
127,2012-01-14,holiday
128,2012-01-15,holiday
129,2012-01-21,holiday
130,2012-01-22,holiday
131,2012-01-28,holiday
132,2012-01-29,holiday
133,2012-02-04,holiday
134,2012-02-05,holiday
135,2012-02-11,holiday
136,2012-02-12,holiday
137,2012-02-18,holiday
138,2012-02-19,holiday
139,2012-02-23,holiday
140,2012-02-25,holiday
141,2012-02-26,holiday
142,2012-03-03,holiday
143,2012-03-04,holiday
144,2012-03-08,holiday
145,2012-03-09,holiday
146,2012-03-10,holiday
147,2012-03-17,holiday
148,2012-03-18,holiday
149,2012-03-24,holiday
150,2012-03-25,holiday
151,2012-03-31,holiday
152,2012-04-01,holiday
153,2012-04-07,holiday
154,2012-04-08,holiday
155,2012-04-14,holiday
156,2012-04-15,holiday
157,2012-04-21,holiday
158,2012-04-22,holiday
159,2012-04-29,holiday
160,2012-04-30,holiday
161,2012-05-01,holiday
162,2012-05-06,holiday
163,2012-05-07,holiday
164,2012-05-08,holiday
165,2012-05-09,holiday
166,2012-05-13,holiday
167,2012-05-19,holiday
168,2012-05-20,holiday
169,2012-05-26,holiday
170,2012-05-27,holiday
171,2012-06-02,holiday
172,2012-06-03,holiday
173,2012-06-10,holiday
174,2012-06-11,holiday
175,2012-06-12,holiday
176,2012-06-16,holiday
177,2012-06-17,holiday
178,2012-06-23,holiday
179,2012-06-24,holiday
180,2012-06-30,holiday
181,2012-07-01,holiday
182,2012-07-07,holiday
183,2012-07-08,holiday
184,2012-07-14,holiday
185,2012-07-15,holiday
186,2012-07-21,holiday
187,2012-07-22,holiday
188,2012-07-28,holiday
189,2012-07-29,holiday
190,2012-08-04,holiday
191,2012-08-05,holiday
192,2012-08-11,holiday
193,2012-08-12,holiday
194,2012-08-18,holiday
195,2012-08-19,holiday
196,2012-08-25,holiday
197,2012-08-26,holiday
198,2012-09-01,holiday
199,2012-09-02,holiday
200,2012-09-08,holiday
201,2012-09-09,holiday
202,2012-09-15,holiday
203,2012-09-16,holiday
204,2012-09-22,holiday
205,2012-09-23,holiday
206,2012-09-29,holiday
207,2012-09-30,holiday
208,2012-10-06,holiday
209,2012-10-07,holiday
210,2012-10-13,holiday
211,2012-10-14,holiday
212,2012-10-20,holiday
213,2012-10-21,holiday
214,2012-10-27,holiday
215,2012-10-28,holiday
216,2012-11-03,holiday
217,2012-11-04,holiday
218,2012-11-05,holiday
219,2012-11-10,holiday
220,2012-11-11,holiday
221,2012-11-17,holiday
222,2012-11-18,holiday
223,2012-11-24,holiday
224,2012-11-25,holiday
225,2012-12-01,holiday
226,2012-12-02,holiday
227,2012-12-08,holiday
228,2012-12-09,holiday
229,2012-12-15,holiday
230,2012-12-16,holiday
231,2012-12-22,holiday
232,2012-12-23,holiday
233,2012-12-30,holiday
234,2012-12-31,holiday
235,2013-01-01,holiday
236,2013-01-02,holiday
237,2013-01-03,holiday
238,2013-01-04,holiday
239,2013-01-05,holiday
240,2013-01-06,holiday
241,2013-01-07,holiday
242,2013-01-08,holiday
243,2013-01-12,holiday
244,2013-01-13,holiday
245,2013-01-19,holiday
246,2013-01-20,holiday
247,2013-01-26,holiday
248,2013-01-27,holiday
249,2013-02-02,holiday
250,2013-02-03,holiday
251,2013-02-09,holiday
252,2013-02-10,holiday
253,2013-02-16,holiday
254,2013-02-17,holiday
255,2013-02-23,holiday
256,2013-02-24,holiday
257,2013-03-02,holiday
258,2013-03-03,holiday
259,2013-03-08,holiday
260,2013-03-09,holiday
261,2013-03-10,holiday
262,2013-03-16,holiday
263,2013-03-17,holiday
264,2013-03-23,holiday
265,2013-03-24,holiday
266,2013-03-30,holiday
267,2013-03-31,holiday
268,2013-04-06,holiday
269,2013-04-07,holiday
270,2013-04-13,holiday
271,2013-04-14,holiday
272,2013-04-20,holiday
273,2013-04-21,holiday
274,2013-04-27,holiday
275,2013-04-28,holiday
276,2013-05-01,holiday
277,2013-05-02,holiday
278,2013-05-03,holiday
279,2013-05-04,holiday
280,2013-05-05,holiday
281,2013-05-09,holiday
282,2013-05-10,holiday
283,2013-05-11,holiday
284,2013-05-12,holiday
285,2013-05-18,holiday
286,2013-05-19,holiday
287,2013-05-25,holiday
288,2013-05-26,holiday
289,2013-06-01,holiday
290,2013-06-02,holiday
291,2013-06-08,holiday
292,2013-06-09,holiday
293,2013-06-12,holiday
294,2013-06-15,holiday
295,2013-06-16,holiday
296,2013-06-22,holiday
297,2013-06-23,holiday
298,2013-06-29,holiday
299,2013-06-30,holiday
300,2013-07-06,holiday
301,2013-07-07,holiday
302,2013-07-13,holiday
303,2013-07-14,holiday
304,2013-07-20,holiday
305,2013-07-21,holiday
306,2013-07-27,holiday
307,2013-07-28,holiday
308,2013-08-03,holiday
309,2013-08-04,holiday
310,2013-08-10,holiday
311,2013-08-11,holiday
312,2013-08-17,holiday
313,2013-08-18,holiday
314,2013-08-24,holiday
315,2013-08-25,holiday
316,2013-08-31,holiday
317,2013-09-01,holiday
318,2013-09-07,holiday
319,2013-09-08,holiday
320,2013-09-14,holiday
321,2013-09-15,holiday
322,2013-09-21,holiday
323,2013-09-22,holiday
324,2013-09-28,holiday
325,2013-09-29,holiday
326,2013-10-05,holiday
327,2013-10-06,holiday
328,2013-10-12,holiday
329,2013-10-13,holiday
330,2013-10-19,holiday
331,2013-10-20,holiday
332,2013-10-26,holiday
333,2013-10-27,holiday
334,2013-11-02,holiday
335,2013-11-03,holiday
336,2013-11-04,holiday
337,2013-11-09,holiday
338,2013-11-10,holiday
339,2013-11-16,holiday
340,2013-11-17,holiday
341,2013-11-23,holiday
342,2013-11-24,holiday
343,2013-11-30,holiday
344,2013-12-01,holiday
345,2013-12-07,holiday
346,2013-12-08,holiday
347,2013-12-14,holiday
348,2013-12-15,holiday
349,2013-12-21,holiday
350,2013-12-22,holiday
351,2013-12-28,holiday
352,2013-12-29,holiday
353,2014-01-01,holiday
354,2014-01-02,holiday
355,2014-01-03,holiday
356,2014-01-04,holiday
357,2014-01-05,holiday
358,2014-01-06,holiday
359,2014-01-07,holiday
360,2014-01-08,holiday
361,2014-01-11,holiday
362,2014-01-12,holiday
363,2014-01-18,holiday
364,2014-01-19,holiday
365,2014-01-25,holiday
366,2014-01-26,holiday
367,2014-02-01,holiday
368,2014-02-02,holiday
369,2014-02-08,holiday
370,2014-02-09,holiday
371,2014-02-15,holiday
372,2014-02-16,holiday
373,2014-02-22,holiday
374,2014-02-23,holiday
375,2014-03-01,holiday
376,2014-03-02,holiday
377,2014-03-08,holiday
378,2014-03-09,holiday
379,2014-03-10,holiday
380,2014-03-15,holiday
381,2014-03-16,holiday
382,2014-03-22,holiday
383,2014-03-23,holiday
384,2014-03-29,holiday
385,2014-03-30,holiday
386,2014-04-05,holiday
387,2014-04-06,holiday
388,2014-04-12,holiday
389,2014-04-13,holiday
390,2014-04-19,holiday
391,2014-04-20,holiday
392,2014-04-26,holiday
393,2014-04-27,holiday
394,2014-05-01,holiday
395,2014-05-02,holiday
396,2014-05-03,holiday
397,2014-05-04,holiday
398,2014-05-09,holiday
399,2014-05-10,holiday
400,2014-05-11,holiday
401,2014-05-17,holiday
402,2014-05-18,holiday
403,2014-05-24,holiday
404,2014-05-25,holiday
405,2014-05-31,holiday
406,2014-06-01,holiday
407,2014-06-07,holiday
408,2014-06-08,holiday
409,2014-06-12,holiday
410,2014-06-13,holiday
411,2014-06-14,holiday
412,2014-06-15,holiday
413,2014-06-21,holiday
414,2014-06-22,holiday
415,2014-06-28,holiday
416,2014-06-29,holiday
417,2014-07-05,holiday
418,2014-07-06,holiday
419,2014-07-12,holiday
420,2014-07-13,holiday
421,2014-07-19,holiday
422,2014-07-20,holiday
423,2014-07-26,holiday
424,2014-07-27,holiday
425,2014-08-02,holiday
426,2014-08-03,holiday
427,2014-08-09,holiday
428,2014-08-10,holiday
429,2014-08-16,holiday
430,2014-08-17,holiday
431,2014-08-23,holiday
432,2014-08-24,holiday
433,2014-08-30,holiday
434,2014-08-31,holiday
435,2014-09-06,holiday
436,2014-09-07,holiday
437,2014-09-13,holiday
438,2014-09-14,holiday
439,2014-09-20,holiday
440,2014-09-21,holiday
441,2014-09-27,holiday
442,2014-09-28,holiday
443,2014-10-04,holiday
444,2014-10-05,holiday
445,2014-10-11,holiday
446,2014-10-12,holiday
447,2014-10-18,holiday
448,2014-10-19,holiday
449,2014-10-25,holiday
450,2014-10-26,holiday
451,2014-11-01,holiday
452,2014-11-02,holiday
453,2014-11-03,holiday
454,2014-11-04,holiday
455,2014-11-08,holiday
456,2014-11-09,holiday
457,2014-11-15,holiday
458,2014-11-16,holiday
459,2014-11-22,holiday
460,2014-11-23,holiday
461,2014-11-29,holiday
462,2014-11-30,holiday
463,2014-12-06,holiday
464,2014-12-07,holiday
465,2014-12-13,holiday
466,2014-12-14,holiday
467,2014-12-20,holiday
468,2014-12-21,holiday
469,2014-12-27,holiday
470,2014-12-28,holiday
471,2015-01-01,holiday
472,2015-01-02,holiday
473,2015-01-03,holiday
474,2015-01-04,holiday
475,2015-01-05,holiday
476,2015-01-06,holiday
477,2015-01-07,holiday
478,2015-01-08,holiday
479,2015-01-09,holiday
480,2015-01-10,holiday
481,2015-01-11,holiday
482,2015-01-17,holiday
483,2015-01-18,holiday
484,2015-01-24,holiday
485,2015-01-25,holiday
486,2015-01-31,holiday
487,2015-02-01,holiday
488,2015-02-07,holiday
489,2015-02-08,holiday
490,2015-02-14,holiday
491,2015-02-15,holiday
492,2015-02-21,holiday
493,2015-02-22,holiday
494,2015-02-23,holiday
495,2015-02-28,holiday
496,2015-03-01,holiday
497,2015-03-07,holiday
498,2015-03-08,holiday
499,2015-03-09,holiday
500,2015-03-14,holiday
501,2015-03-15,holiday
502,2015-03-21,holiday
503,2015-03-22,holiday
504,2015-03-28,holiday
505,2015-03-29,holiday
506,2015-04-04,holiday
507,2015-04-05,holiday
508,2015-04-11,holiday
509,2015-04-12,holiday
510,2015-04-18,holiday
511,2015-04-19,holiday
512,2015-04-25,holiday
513,2015-04-26,holiday
514,2015-05-01,holiday
515,2015-05-02,holiday
516,2015-05-03,holiday
517,2015-05-04,holiday
518,2015-05-09,holiday
519,2015-05-10,holiday
520,2015-05-11,holiday
521,2015-05-16,holiday
522,2015-05-17,holiday
523,2015-05-23,holiday
524,2015-05-24,holiday
525,2015-05-30,holiday
526,2015-05-31,holiday
527,2015-06-06,holiday
528,2015-06-07,holiday
529,2015-06-12,holiday
530,2015-06-13,holiday
531,2015-06-14,holiday
532,2015-06-20,holiday
533,2015-06-21,holiday
534,2015-06-27,holiday
535,2015-06-28,holiday
536,2015-07-04,holiday
537,2015-07-05,holiday
538,2015-07-11,holiday
539,2015-07-12,holiday
540,2015-07-18,holiday
541,2015-07-19,holiday
542,2015-07-25,holiday
543,2015-07-26,holiday
544,2015-08-01,holiday
545,2015-08-02,holiday
546,2015-08-08,holiday
547,2015-08-09,holiday
548,2015-08-15,holiday
549,2015-08-16,holiday
550,2015-08-22,holiday
551,2015-08-23,holiday
552,2015-08-29,holiday
553,2015-08-30,holiday
554,2015-09-05,holiday
555,2015-09-06,holiday
556,2015-09-12,holiday
557,2015-09-13,holiday
558,2015-09-19,holiday
559,2015-09-20,holiday
560,2015-09-26,holiday
561,2015-09-27,holiday
562,2015-10-03,holiday
563,2015-10-04,holiday
564,2015-10-10,holiday
565,2015-10-11,holiday
566,2015-10-17,holiday
567,2015-10-18,holiday
568,2015-10-24,holiday
569,2015-10-25,holiday
570,2015-10-31,holiday
571,2015-11-01,holiday
572,2015-11-04,holiday
573,2015-11-07,holiday
574,2015-11-08,holiday
575,2015-11-14,holiday
576,2015-11-15,holiday
577,2015-11-21,holiday
578,2015-11-22,holiday
579,2015-11-28,holiday
580,2015-11-29,holiday
581,2015-12-05,holiday
582,2015-12-06,holiday
583,2015-12-12,holiday
584,2015-12-13,holiday
585,2015-12-19,holiday
586,2015-12-20,holiday
587,2015-12-26,holiday
588,2015-12-27,holiday
589,2016-01-01,holiday
590,2016-01-02,holiday
591,2016-01-03,holiday
592,2016-01-04,holiday
593,2016-01-05,holiday
594,2016-01-06,holiday
595,2016-01-07,holiday
596,2016-01-08,holiday
597,2016-01-09,holiday
598,2016-01-10,holiday
599,2016-01-16,holiday
600,2016-01-17,holiday
601,2016-01-23,holiday
602,2016-01-24,holiday
603,2016-01-30,holiday
604,2016-01-31,holiday
605,2016-02-06,holiday
606,2016-02-07,holiday
607,2016-02-13,holiday
608,2016-02-14,holiday
609,2016-02-21,holiday
610,2016-02-22,holiday
611,2016-02-23,holiday
612,2016-02-27,holiday
613,2016-02-28,holiday
614,2016-03-05,holiday
615,2016-03-06,holiday
616,2016-03-07,holiday
617,2016-03-08,holiday
618,2016-03-12,holiday
619,2016-03-13,holiday
620,2016-03-19,holiday
621,2016-03-20,holiday
622,2016-03-26,holiday
623,2016-03-27,holiday
624,2016-04-02,holiday
625,2016-04-03,holiday
626,2016-04-09,holiday
627,2016-04-10,holiday
628,2016-04-16,holiday
629,2016-04-17,holiday
630,2016-04-23,holiday
631,2016-04-24,holiday
632,2016-04-30,holiday
633,2016-05-01,holiday
634,2016-05-02,holiday
635,2016-05-03,holiday
636,2016-05-07,holiday
637,2016-05-08,holiday
638,2016-05-09,holiday
639,2016-05-14,holiday
640,2016-05-15,holiday
641,2016-05-21,holiday
642,2016-05-22,holiday
643,2016-05-28,holiday
644,2016-05-29,holiday
645,2016-06-04,holiday
646,2016-06-05,holiday
647,2016-06-11,holiday
648,2016-06-12,holiday
649,2016-06-13,holiday
650,2016-06-18,holiday
651,2016-06-19,holiday
652,2016-06-25,holiday
653,2016-06-26,holiday
654,2016-07-02,holiday
655,2016-07-03,holiday
656,2016-07-09,holiday
657,2016-07-10,holiday
658,2016-07-16,holiday
659,2016-07-17,holiday
660,2016-07-23,holiday
661,2016-07-24,holiday
662,2016-07-30,holiday
663,2016-07-31,holiday
664,2016-08-06,holiday
665,2016-08-07,holiday
666,2016-08-13,holiday
667,2016-08-14,holiday
668,2016-08-20,holiday
669,2016-08-21,holiday
670,2016-08-27,holiday
671,2016-08-28,holiday
672,2016-09-03,holiday
673,2016-09-04,holiday
674,2016-09-10,holiday
675,2016-09-11,holiday
676,2016-09-17,holiday
677,2016-09-18,holiday
678,2016-09-24,holiday
679,2016-09-25,holiday
680,2016-10-01,holiday
681,2016-10-02,holiday
682,2016-10-08,holiday
683,2016-10-09,holiday
684,2016-10-15,holiday
685,2016-10-16,holiday
686,2016-10-22,holiday
687,2016-10-23,holiday
688,2016-10-29,holiday
689,2016-10-30,holiday
690,2016-11-04,holiday
691,2016-11-05,holiday
692,2016-11-06,holiday
693,2016-11-12,holiday
694,2016-11-13,holiday
695,2016-11-19,holiday
696,2016-11-20,holiday
697,2016-11-26,holiday
698,2016-11-27,holiday
699,2016-12-03,holiday
700,2016-12-04,holiday
701,2016-12-10,holiday
702,2016-12-11,holiday
703,2016-12-17,holiday
704,2016-12-18,holiday
705,2016-12-24,holiday
706,2016-12-25,holiday
707,2016-12-31,holiday
708,2017-01-01,holiday
709,2017-01-02,holiday
710,2017-01-03,holiday
711,2017-01-04,holiday
712,2017-01-05,holiday
713,2017-01-06,holiday
714,2017-01-07,holiday
715,2017-01-08,holiday
716,2017-01-14,holiday
717,2017-01-15,holiday
718,2017-01-21,holiday
719,2017-01-22,holiday
720,2017-01-28,holiday
721,2017-01-29,holiday
722,2017-02-04,holiday
723,2017-02-05,holiday
724,2017-02-11,holiday
725,2017-02-12,holiday
726,2017-02-18,holiday
727,2017-02-19,holiday
728,2017-02-23,holiday
729,2017-02-24,holiday
730,2017-02-25,holiday
731,2017-02-26,holiday
732,2017-03-04,holiday
733,2017-03-05,holiday
734,2017-03-08,holiday
735,2017-03-11,holiday
736,2017-03-12,holiday
737,2017-03-18,holiday
738,2017-03-19,holiday
739,2017-03-25,holiday
740,2017-03-26,holiday
741,2017-04-01,holiday
742,2017-04-02,holiday
743,2017-04-08,holiday
744,2017-04-09,holiday
745,2017-04-15,holiday
746,2017-04-16,holiday
747,2017-04-22,holiday
748,2017-04-23,holiday
749,2017-04-29,holiday
750,2017-04-30,holiday
751,2017-05-01,holiday
752,2017-05-06,holiday
753,2017-05-07,holiday
754,2017-05-08,holiday
755,2017-05-09,holiday
756,2017-05-13,holiday
757,2017-05-14,holiday
758,2017-05-20,holiday
759,2017-05-21,holiday
760,2017-05-27,holiday
761,2017-05-28,holiday
762,2017-06-03,holiday
763,2017-06-04,holiday
764,2017-06-10,holiday
765,2017-06-11,holiday
766,2017-06-12,holiday
767,2017-06-17,holiday
768,2017-06-18,holiday
769,2017-06-24,holiday
770,2017-06-25,holiday
771,2017-07-01,holiday
772,2017-07-02,holiday
773,2017-07-08,holiday
774,2017-07-09,holiday
775,2017-07-15,holiday
776,2017-07-16,holiday
777,2017-07-22,holiday
778,2017-07-23,holiday
779,2017-07-29,holiday
780,2017-07-30,holiday
781,2017-08-05,holiday
782,2017-08-06,holiday
783,2017-08-12,holiday
784,2017-08-13,holiday
785,2017-08-19,holiday
786,2017-08-20,holiday
787,2017-08-26,holiday
788,2017-08-27,holiday
789,2017-09-02,holiday
790,2017-09-03,holiday
791,2017-09-09,holiday
792,2017-09-10,holiday
793,2017-09-16,holiday
794,2017-09-17,holiday
795,2017-09-23,holiday
796,2017-09-24,holiday
797,2017-09-30,holiday
798,2017-10-01,holiday
799,2017-10-07,holiday
800,2017-10-08,holiday
801,2017-10-14,holiday
802,2017-10-15,holiday
803,2017-10-21,holiday
804,2017-10-22,holiday
805,2017-10-28,holiday
806,2017-10-29,holiday
807,2017-11-04,holiday
808,2017-11-05,holiday
809,2017-11-06,holiday
810,2017-11-11,holiday
811,2017-11-12,holiday
812,2017-11-18,holiday
813,2017-11-19,holiday
814,2017-11-25,holiday
815,2017-11-26,holiday
816,2017-12-02,holiday
817,2017-12-03,holiday
818,2017-12-09,holiday
819,2017-12-10,holiday
820,2017-12-16,holiday
821,2017-12-17,holiday
822,2017-12-23,holiday
823,2017-12-24,holiday
824,2017-12-30,holiday
825,2017-12-31,holiday
826,2018-01-01,holiday
827,2018-01-02,holiday
828,2018-01-03,holiday
829,2018-01-04,holiday
830,2018-01-05,holiday
831,2018-01-06,holiday
832,2018-01-07,holiday
833,2018-01-08,holiday
834,2018-01-13,holiday
835,2018-01-14,holiday
836,2018-01-20,holiday
837,2018-01-21,holiday
838,2018-01-27,holiday
839,2018-01-28,holiday
840,2018-02-03,holiday
841,2018-02-04,holiday
842,2018-02-10,holiday
843,2018-02-11,holiday
844,2018-02-17,holiday
845,2018-02-18,holiday
846,2018-02-23,holiday
847,2018-02-24,holiday
848,2018-02-25,holiday
849,2018-03-03,holiday
850,2018-03-04,holiday
851,2018-03-08,holiday
852,2018-03-09,holiday
853,2018-03-10,holiday
854,2018-03-11,holiday
855,2018-03-17,holiday
856,2018-03-18,holiday
857,2018-03-24,holiday
858,2018-03-25,holiday
859,2018-03-31,holiday
860,2018-04-01,holiday
861,2018-04-07,holiday
862,2018-04-08,holiday
863,2018-04-14,holiday
864,2018-04-15,holiday
865,2018-04-21,holiday
866,2018-04-22,holiday
867,2018-04-29,holiday
868,2018-04-30,holiday
869,2018-05-01,holiday
870,2018-05-02,holiday
871,2018-05-05,holiday
872,2018-05-06,holiday
873,2018-05-09,holiday
874,2018-05-12,holiday
875,2018-05-13,holiday
876,2018-05-19,holiday
877,2018-05-20,holiday
878,2018-05-26,holiday
879,2018-05-27,holiday
880,2018-06-02,holiday
881,2018-06-03,holiday
882,2018-06-10,holiday
883,2018-06-11,holiday
884,2018-06-12,holiday
885,2018-06-16,holiday
886,2018-06-17,holiday
887,2018-06-23,holiday
888,2018-06-24,holiday
889,2018-06-30,holiday
890,2018-07-01,holiday
891,2018-07-07,holiday
892,2018-07-08,holiday
893,2018-07-14,holiday
894,2018-07-15,holiday
895,2018-07-21,holiday
896,2018-07-22,holiday
897,2018-07-28,holiday
898,2018-07-29,holiday
899,2018-08-04,holiday
900,2018-08-05,holiday
901,2018-08-11,holiday
902,2018-08-12,holiday
903,2018-08-18,holiday
904,2018-08-19,holiday
905,2018-08-25,holiday
906,2018-08-26,holiday
907,2018-09-01,holiday
908,2018-09-02,holiday
909,2018-09-08,holiday
910,2018-09-09,holiday
911,2018-09-15,holiday
912,2018-09-16,holiday
913,2018-09-22,holiday
914,2018-09-23,holiday
915,2018-09-29,holiday
916,2018-09-30,holiday
917,2018-10-06,holiday
918,2018-10-07,holiday
919,2018-10-13,holiday
920,2018-10-14,holiday
921,2018-10-20,holiday
922,2018-10-21,holiday
923,2018-10-27,holiday
924,2018-10-28,holiday
925,2018-11-03,holiday
926,2018-11-04,holiday
927,2018-11-05,holiday
928,2018-11-10,holiday
929,2018-11-11,holiday
930,2018-11-17,holiday
931,2018-11-18,holiday
932,2018-11-24,holiday
933,2018-11-25,holiday
934,2018-12-01,holiday
935,2018-12-02,holiday
936,2018-12-08,holiday
937,2018-12-09,holiday
938,2018-12-15,holiday
939,2018-12-16,holiday
940,2018-12-22,holiday
941,2018-12-23,holiday
942,2018-12-30,holiday
943,2018-12-31,holiday
944,2019-01-01,holiday
945,2019-01-02,holiday
946,2019-01-03,holiday
947,2019-01-04,holiday
948,2019-01-05,holiday
949,2019-01-06,holiday
950,2019-01-07,holiday
951,2019-01-08,holiday
952,2019-01-12,holiday
953,2019-01-13,holiday
954,2019-01-19,holiday
955,2019-01-20,holiday
956,2019-01-26,holiday
957,2019-01-27,holiday
958,2019-02-02,holiday
959,2019-02-03,holiday
960,2019-02-09,holiday
961,2019-02-10,holiday
962,2019-02-16,holiday
963,2019-02-17,holiday
964,2019-02-23,holiday
965,2019-02-24,holiday
966,2019-03-02,holiday
967,2019-03-03,holiday
968,2019-03-08,holiday
969,2019-03-09,holiday
970,2019-03-10,holiday
971,2019-03-16,holiday
972,2019-03-17,holiday
973,2019-03-23,holiday
974,2019-03-24,holiday
975,2019-03-30,holiday
976,2019-03-31,holiday
977,2019-04-06,holiday
978,2019-04-07,holiday
979,2019-04-13,holiday
980,2019-04-14,holiday
981,2019-04-20,holiday
982,2019-04-21,holiday
983,2019-04-27,holiday
984,2019-04-28,holiday
985,2019-05-01,holiday
986,2019-05-02,holiday
987,2019-05-03,holiday
988,2019-05-04,holiday
989,2019-05-05,holiday
990,2019-05-09,holiday
991,2019-05-10,holiday
992,2019-05-11,holiday
993,2019-05-12,holiday
994,2019-05-18,holiday
995,2019-05-19,holiday
996,2019-05-25,holiday
997,2019-05-26,holiday
998,2019-06-01,holiday
999,2019-06-02,holiday
1000,2019-06-08,holiday
1001,2019-06-09,holiday
1002,2019-06-12,holiday
1003,2019-06-15,holiday
1004,2019-06-16,holiday
1005,2019-06-22,holiday
1006,2019-06-23,holiday
1007,2019-06-29,holiday
1008,2019-06-30,holiday
1009,2019-07-06,holiday
1010,2019-07-07,holiday
1011,2019-07-13,holiday
1012,2019-07-14,holiday
1013,2019-07-20,holiday
1014,2019-07-21,holiday
1015,2019-07-27,holiday
1016,2019-07-28,holiday
1017,2019-08-03,holiday
1018,2019-08-04,holiday
1019,2019-08-10,holiday
1020,2019-08-11,holiday
1021,2019-08-17,holiday
1022,2019-08-18,holiday
1023,2019-08-24,holiday
1024,2019-08-25,holiday
1025,2019-08-31,holiday
1026,2019-09-01,holiday
1027,2019-09-07,holiday
1028,2019-09-08,holiday
1029,2019-09-14,holiday
1030,2019-09-15,holiday
1031,2019-09-21,holiday
1032,2019-09-22,holiday
1033,2019-09-28,holiday
1034,2019-09-29,holiday
1035,2019-10-05,holiday
1036,2019-10-06,holiday
1037,2019-10-12,holiday
1038,2019-10-13,holiday
1039,2019-10-19,holiday
1040,2019-10-20,holiday
1041,2019-10-26,holiday
1042,2019-10-27,holiday
1043,2019-11-02,holiday
1044,2019-11-03,holiday
1045,2019-11-04,holiday
1046,2019-11-09,holiday
1047,2019-11-10,holiday
1048,2019-11-16,holiday
1049,2019-11-17,holiday
1050,2019-11-23,holiday
1051,2019-11-24,holiday
1052,2019-11-30,holiday
1053,2019-12-01,holiday
1054,2019-12-07,holiday
1055,2019-12-08,holiday
1056,2019-12-14,holiday
1057,2019-12-15,holiday
1058,2019-12-21,holiday
1059,2019-12-22,holiday
1060,2019-12-28,holiday
1061,2019-12-29,holiday
1062,2020-01-01,holiday
1063,2020-01-02,holiday
1064,2020-01-03,holiday
1065,2020-01-04,holiday
1066,2020-01-05,holiday
1067,2020-01-06,holiday
1068,2020-01-07,holiday
1069,2020-01-08,holiday
1070,2020-01-11,holiday
1071,2020-01-12,holiday
1072,2020-01-18,holiday
1073,2020-01-19,holiday
1074,2020-01-25,holiday
1075,2020-01-26,holiday
1076,2020-02-01,holiday
1077,2020-02-02,holiday
1078,2020-02-08,holiday
1079,2020-02-09,holiday
1080,2020-02-15,holiday
1081,2020-02-16,holiday
1082,2020-02-22,holiday
1083,2020-02-23,holiday
1084,2020-02-24,holiday
1085,2020-02-29,holiday
1086,2020-03-01,holiday
1087,2020-03-07,holiday
1088,2020-03-08,holiday
1089,2020-03-09,holiday
1090,2020-03-14,holiday
1091,2020-03-15,holiday
1092,2020-03-21,holiday
1093,2020-03-22,holiday
1094,2020-03-28,holiday
1095,2020-03-29,holiday
1096,2020-04-04,holiday
1097,2020-04-05,holiday
1098,2020-04-11,holiday
1099,2020-04-12,holiday
1100,2020-04-18,holiday
1101,2020-04-19,holiday
1102,2020-04-25,holiday
1103,2020-04-26,holiday
1104,2020-05-01,holiday
1105,2020-05-02,holiday
1106,2020-05-03,holiday
1107,2020-05-04,holiday
1108,2020-05-05,holiday
1109,2020-05-09,holiday
1110,2020-05-10,holiday
1111,2020-05-11,holiday
1112,2020-05-16,holiday
1113,2020-05-17,holiday
1114,2020-05-23,holiday
1115,2020-05-24,holiday
1116,2020-05-30,holiday
1117,2020-05-31,holiday
1118,2020-06-06,holiday
1119,2020-06-07,holiday
1120,2020-06-12,holiday
1121,2020-06-13,holiday
1122,2020-06-14,holiday
1123,2020-06-20,holiday
1124,2020-06-21,holiday
1125,2020-06-27,holiday
1126,2020-06-28,holiday
1127,2020-07-01,holiday
1128,2020-07-04,holiday
1129,2020-07-05,holiday
1130,2020-07-11,holiday
1131,2020-07-12,holiday
1132,2020-07-18,holiday
1133,2020-07-19,holiday
1134,2020-07-25,holiday
1135,2020-07-26,holiday
1136,2020-08-01,holiday
1137,2020-08-02,holiday
1138,2020-08-08,holiday
1139,2020-08-09,holiday
1140,2020-08-15,holiday
1141,2020-08-16,holiday
1142,2020-08-22,holiday
1143,2020-08-23,holiday
1144,2020-08-29,holiday
1145,2020-08-30,holiday
1146,2020-09-05,holiday
1147,2020-09-06,holiday
1148,2020-09-12,holiday
1149,2020-09-13,holiday
1150,2020-09-19,holiday
1151,2020-09-20,holiday
1152,2020-09-26,holiday
1153,2020-09-27,holiday
1154,2020-10-03,holiday
1155,2020-10-04,holiday
1156,2020-10-10,holiday
1157,2020-10-11,holiday
1158,2020-10-17,holiday
1159,2020-10-18,holiday
1160,2020-10-24,holiday
1161,2020-10-25,holiday
1162,2020-10-31,holiday
1163,2020-11-01,holiday
1164,2020-11-04,holiday
1165,2020-11-07,holiday
1166,2020-11-08,holiday
1167,2020-11-14,holiday
1168,2020-11-15,holiday
1169,2020-11-21,holiday
1170,2020-11-22,holiday
1171,2020-11-28,holiday
1172,2020-11-29,holiday
1173,2020-12-05,holiday
1174,2020-12-06,holiday
1175,2020-12-12,holiday
1176,2020-12-13,holiday
1177,2020-12-19,holiday
1178,2020-12-20,holiday
1179,2020-12-26,holiday
1180,2020-12-27,holiday
1181,2021-01-01,holiday
1182,2021-01-02,holiday
1183,2021-01-03,holiday
1184,2021-01-04,holiday
1185,2021-01-05,holiday
1186,2021-01-06,holiday
1187,2021-01-07,holiday
1188,2021-01-08,holiday
1189,2021-01-09,holiday
1190,2021-01-10,holiday
1191,2021-01-16,holiday
1192,2021-01-17,holiday
1193,2021-01-23,holiday
1194,2021-01-24,holiday
1195,2021-01-30,holiday
1196,2021-01-31,holiday
1197,2021-02-06,holiday
1198,2021-02-07,holiday
1199,2021-02-13,holiday
1200,2021-02-14,holiday
1201,2021-02-21,holiday
1202,2021-02-22,holiday
1203,2021-02-23,holiday
1204,2021-02-27,holiday
1205,2021-02-28,holiday
1206,2021-03-06,holiday
1207,2021-03-07,holiday
1208,2021-03-08,holiday
1209,2021-03-13,holiday
1210,2021-03-14,holiday
1211,2021-03-20,holiday
1212,2021-03-21,holiday
1213,2021-03-27,holiday
1214,2021-03-28,holiday
1215,2021-04-03,holiday
1216,2021-04-04,holiday
1217,2021-04-10,holiday
1218,2021-04-11,holiday
1219,2021-04-17,holiday
1220,2021-04-18,holiday
1221,2021-04-24,holiday
1222,2021-04-25,holiday
1223,2021-05-01,holiday
1224,2021-05-02,holiday
1225,2021-05-03,holiday
1226,2021-05-08,holiday
1227,2021-05-09,holiday
1228,2021-05-10,holiday
1229,2021-05-15,holiday
1230,2021-05-16,holiday
1231,2021-05-22,holiday
1232,2021-05-23,holiday
1233,2021-05-29,holiday
1234,2021-05-30,holiday
1235,2021-06-05,holiday
1236,2021-06-06,holiday
1237,2021-06-12,holiday
1238,2021-06-13,holiday
1239,2021-06-14,holiday
1240,2021-06-19,holiday
1241,2021-06-20,holiday
1242,2021-06-26,holiday
1243,2021-06-27,holiday
1244,2021-07-03,holiday
1245,2021-07-04,holiday
1246,2021-07-10,holiday
1247,2021-07-11,holiday
1248,2021-07-17,holiday
1249,2021-07-18,holiday
1250,2021-07-24,holiday
1251,2021-07-25,holiday
1252,2021-07-31,holiday
1253,2021-08-01,holiday
1254,2021-08-07,holiday
1255,2021-08-08,holiday
1256,2021-08-14,holiday
1257,2021-08-15,holiday
1258,2021-08-21,holiday
1259,2021-08-22,holiday
1260,2021-08-28,holiday
1261,2021-08-29,holiday
1262,2021-09-04,holiday
1263,2021-09-05,holiday
1264,2021-09-11,holiday
1265,2021-09-12,holiday
1266,2021-09-18,holiday
1267,2021-09-19,holiday
1268,2021-09-25,holiday
1269,2021-09-26,holiday
1270,2021-10-02,holiday
1271,2021-10-03,holiday
1272,2021-10-09,holiday
1273,2021-10-10,holiday
1274,2021-10-16,holiday
1275,2021-10-17,holiday
1276,2021-10-23,holiday
1277,2021-10-24,holiday
1278,2021-10-30,holiday
1279,2021-10-31,holiday
1280,2021-11-04,holiday
1281,2021-11-05,holiday
1282,2021-11-06,holiday
1283,2021-11-07,holiday
1284,2021-11-13,holiday
1285,2021-11-14,holiday
1286,2021-11-20,holiday
1287,2021-11-21,holiday
1288,2021-11-27,holiday
1289,2021-11-28,holiday
1290,2021-12-04,holiday
1291,2021-12-05,holiday
1292,2021-12-11,holiday
1293,2021-12-12,holiday
1294,2021-12-18,holiday
1295,2021-12-19,holiday
1296,2021-12-25,holiday
1297,2021-12-26,holiday
1298,2021-12-31,holiday
1299,2022-01-01,holiday
1300,2022-01-02,holiday
1301,2022-01-03,holiday
1302,2022-01-04,holiday
1303,2022-01-05,holiday
1304,2022-01-06,holiday
1305,2022-01-07,holiday
1306,2022-01-08,holiday
1307,2022-01-09,holiday
1308,2022-01-15,holiday
1309,2022-01-16,holiday
1310,2022-01-22,holiday
1311,2022-01-23,holiday
1312,2022-01-29,holiday
1313,2022-01-30,holiday
1314,2022-02-05,holiday
1315,2022-02-06,holiday
1316,2022-02-12,holiday
1317,2022-02-13,holiday
1318,2022-02-19,holiday
1319,2022-02-20,holiday
1320,2022-02-23,holiday
1321,2022-02-26,holiday
1322,2022-02-27,holiday
1323,2022-03-06,holiday
1324,2022-03-07,holiday
1325,2022-03-08,holiday
1326,2022-03-12,holiday
1327,2022-03-13,holiday
1328,2022-03-19,holiday
1329,2022-03-20,holiday
1330,2022-03-26,holiday
1331,2022-03-27,holiday
1332,2022-04-02,holiday
1333,2022-04-03,holiday
1334,2022-04-09,holiday
1335,2022-04-10,holiday
1336,2022-04-16,holiday
1337,2022-04-17,holiday
1338,2022-04-23,holiday
1339,2022-04-24,holiday
1340,2022-04-30,holiday
1341,2022-05-01,holiday
1342,2022-05-02,holiday
1343,2022-05-03,holiday
1344,2022-05-07,holiday
1345,2022-05-08,holiday
1346,2022-05-09,holiday
1347,2022-05-10,holiday
1348,2022-05-14,holiday
1349,2022-05-15,holiday
1350,2022-05-21,holiday
1351,2022-05-22,holiday
1352,2022-05-28,holiday
1353,2022-05-29,holiday
1354,2022-06-04,holiday
1355,2022-06-05,holiday
1356,2022-06-11,holiday
1357,2022-06-12,holiday
1358,2022-06-13,holiday
1359,2022-06-18,holiday
1360,2022-06-19,holiday
1361,2022-06-25,holiday
1362,2022-06-26,holiday
1363,2022-07-02,holiday
1364,2022-07-03,holiday
1365,2022-07-09,holiday
1366,2022-07-10,holiday
1367,2022-07-16,holiday
1368,2022-07-17,holiday
1369,2022-07-23,holiday
1370,2022-07-24,holiday
1371,2022-07-30,holiday
1372,2022-07-31,holiday
1373,2022-08-06,holiday
1374,2022-08-07,holiday
1375,2022-08-13,holiday
1376,2022-08-14,holiday
1377,2022-08-20,holiday
1378,2022-08-21,holiday
1379,2022-08-27,holiday
1380,2022-08-28,holiday
1381,2022-09-03,holiday
1382,2022-09-04,holiday
1383,2022-09-10,holiday
1384,2022-09-11,holiday
1385,2022-09-17,holiday
1386,2022-09-18,holiday
1387,2022-09-24,holiday
1388,2022-09-25,holiday
1389,2022-10-01,holiday
1390,2022-10-02,holiday
1391,2022-10-08,holiday
1392,2022-10-09,holiday
1393,2022-10-15,holiday
1394,2022-10-16,holiday
1395,2022-10-22,holiday
1396,2022-10-23,holiday
1397,2022-10-29,holiday
1398,2022-10-30,holiday
1399,2022-11-04,holiday
1400,2022-11-05,holiday
1401,2022-11-06,holiday
1402,2022-11-12,holiday
1403,2022-11-13,holiday
1404,2022-11-19,holiday
1405,2022-11-20,holiday
1406,2022-11-26,holiday
1407,2022-11-27,holiday
1408,2022-12-03,holiday
1409,2022-12-04,holiday
1410,2022-12-10,holiday
1411,2022-12-11,holiday
1412,2022-12-17,holiday
1413,2022-12-18,holiday
1414,2022-12-24,holiday
1415,2022-12-25,holiday
1416,2022-12-31,holiday
1417,2023-01-01,holiday
1418,2023-01-02,holiday
1419,2023-01-03,holiday
1420,2023-01-04,holiday
1421,2023-01-05,holiday
1422,2023-01-06,holiday
1423,2023-01-07,holiday
1424,2023-01-08,holiday
1425,2023-01-14,holiday
1426,2023-01-15,holiday
1427,2023-01-21,holiday
1428,2023-01-22,holiday
1429,2023-01-28,holiday
1430,2023-01-29,holiday
1431,2023-02-04,holiday
1432,2023-02-05,holiday
1433,2023-02-11,holiday
1434,2023-02-12,holiday
1435,2023-02-18,holiday
1436,2023-02-19,holiday
1437,2023-02-23,holiday
1438,2023-02-24,holiday
1439,2023-02-25,holiday
1440,2023-02-26,holiday
1441,2023-03-04,holiday
1442,2023-03-05,holiday
1443,2023-03-08,holiday
1444,2023-03-11,holiday
1445,2023-03-12,holiday
1446,2023-03-18,holiday
1447,2023-03-19,holiday
1448,2023-03-25,holiday
1449,2023-03-26,holiday
1450,2023-04-01,holiday
1451,2023-04-02,holiday
1452,2023-04-08,holiday
1453,2023-04-09,holiday
1454,2023-04-15,holiday
1455,2023-04-16,holiday
1456,2023-04-22,holiday
1457,2023-04-23,holiday
1458,2023-04-29,holiday
1459,2023-04-30,holiday
1460,2023-05-01,holiday
1461,2023-05-06,holiday
1462,2023-05-07,holiday
1463,2023-05-08,holiday
1464,2023-05-09,holiday
1465,2023-05-13,holiday
1466,2023-05-14,holiday
1467,2023-05-20,holiday
1468,2023-05-21,holiday
1469,2023-05-27,holiday
1470,2023-05-28,holiday
1471,2023-06-03,holiday
1472,2023-06-04,holiday
1473,2023-06-10,holiday
1474,2023-06-11,holiday
1475,2023-06-12,holiday
1476,2023-06-17,holiday
1477,2023-06-18,holiday
1478,2023-06-24,holiday
1479,2023-06-25,holiday
1480,2023-07-01,holiday
1481,2023-07-02,holiday
1482,2023-07-08,holiday
1483,2023-07-09,holiday
1484,2023-07-15,holiday
1485,2023-07-16,holiday
1486,2023-07-22,holiday
1487,2023-07-23,holiday
1488,2023-07-29,holiday
1489,2023-07-30,holiday
1490,2023-08-05,holiday
1491,2023-08-06,holiday
1492,2023-08-12,holiday
1493,2023-08-13,holiday
1494,2023-08-19,holiday
1495,2023-08-20,holiday
1496,2023-08-26,holiday
1497,2023-08-27,holiday
1498,2023-09-02,holiday
1499,2023-09-03,holiday
1500,2023-09-09,holiday
1501,2023-09-10,holiday
1502,2023-09-16,holiday
1503,2023-09-17,holiday
1504,2023-09-23,holiday
1505,2023-09-24,holiday
1506,2023-09-30,holiday
1507,2023-10-01,holiday
1508,2023-10-07,holiday
1509,2023-10-08,holiday
1510,2023-10-14,holiday
1511,2023-10-15,holiday
1512,2023-10-21,holiday
1513,2023-10-22,holiday
1514,2023-10-28,holiday
1515,2023-10-29,holiday
1516,2023-11-04,holiday
1517,2023-11-05,holiday
1518,2023-11-06,holiday
1519,2023-11-11,holiday
1520,2023-11-12,holiday
1521,2023-11-18,holiday
1522,2023-11-19,holiday
1523,2023-11-25,holiday
1524,2023-11-26,holiday
1525,2023-12-02,holiday
1526,2023-12-03,holiday
1527,2023-12-09,holiday
1528,2023-12-10,holiday
1529,2023-12-16,holiday
1530,2023-12-17,holiday
1531,2023-12-23,holiday
1532,2023-12-24,holiday
1533,2023-12-30,holiday
1534,2023-12-31,holiday
1535,2024-01-01,holiday
1536,2024-01-02,holiday
1537,2024-01-03,holiday
1538,2024-01-04,holiday
1539,2024-01-05,holiday
1540,2024-01-06,holiday
1541,2024-01-07,holiday
1542,2024-01-08,holiday
1543,2024-01-13,holiday
1544,2024-01-14,holiday
1545,2024-01-20,holiday
1546,2024-01-21,holiday
1547,2024-01-27,holiday
1548,2024-01-28,holiday
1549,2024-02-03,holiday
1550,2024-02-04,holiday
1551,2024-02-10,holiday
1552,2024-02-11,holiday
1553,2024-02-17,holiday
1554,2024-02-18,holiday
1555,2024-02-23,holiday
1556,2024-02-24,holiday
1557,2024-02-25,holiday
1558,2024-03-02,holiday
1559,2024-03-03,holiday
1560,2024-03-08,holiday
1561,2024-03-09,holiday
1562,2024-03-10,holiday
1563,2024-03-16,holiday
1564,2024-03-17,holiday
1565,2024-03-23,holiday
1566,2024-03-24,holiday
1567,2024-03-30,holiday
1568,2024-03-31,holiday
1569,2024-04-06,holiday
1570,2024-04-07,holiday
1571,2024-04-13,holiday
1572,2024-04-14,holiday
1573,2024-04-20,holiday
1574,2024-04-21,holiday
1575,2024-04-28,holiday
1576,2024-04-29,holiday
1577,2024-04-30,holiday
1578,2024-05-01,holiday
1579,2024-05-04,holiday
1580,2024-05-05,holiday
1581,2024-05-09,holiday
1582,2024-05-10,holiday
1583,2024-05-11,holiday
1584,2024-05-12,holiday
1585,2024-05-18,holiday
1586,2024-05-19,holiday
1587,2024-05-25,holiday
1588,2024-05-26,holiday
1589,2024-06-01,holiday
1590,2024-06-02,holiday
1591,2024-06-08,holiday
1592,2024-06-09,holiday
1593,2024-06-12,holiday
1594,2024-06-15,holiday
1595,2024-06-16,holiday
1596,2024-06-22,holiday
1597,2024-06-23,holiday
1598,2024-06-29,holiday
1599,2024-06-30,holiday
1600,2024-07-06,holiday
1601,2024-07-07,holiday
1602,2024-07-13,holiday
1603,2024-07-14,holiday
1604,2024-07-20,holiday
1605,2024-07-21,holiday
1606,2024-07-27,holiday
1607,2024-07-28,holiday
1608,2024-08-03,holiday
1609,2024-08-04,holiday
1610,2024-08-10,holiday
1611,2024-08-11,holiday
1612,2024-08-17,holiday
1613,2024-08-18,holiday
1614,2024-08-24,holiday
1615,2024-08-25,holiday
1616,2024-08-31,holiday
1617,2024-09-01,holiday
1618,2024-09-07,holiday
1619,2024-09-08,holiday
1620,2024-09-14,holiday
1621,2024-09-15,holiday
1622,2024-09-21,holiday
1623,2024-09-22,holiday
1624,2024-09-28,holiday
1625,2024-09-29,holiday
1626,2024-10-05,holiday
1627,2024-10-06,holiday
1628,2024-10-12,holiday
1629,2024-10-13,holiday
1630,2024-10-19,holiday
1631,2024-10-20,holiday
1632,2024-10-26,holiday
1633,2024-10-27,holiday
1634,2024-11-03,holiday
1635,2024-11-04,holiday
1636,2024-11-09,holiday
1637,2024-11-10,holiday
1638,2024-11-16,holiday
1639,2024-11-17,holiday
1640,2024-11-23,holiday
1641,2024-11-24,holiday
1642,2024-11-30,holiday
1643,2024-12-01,holiday
1644,2024-12-07,holiday
1645,2024-12-08,holiday
1646,2024-12-14,holiday
1647,2024-12-15,holiday
1648,2024-12-21,holiday
1649,2024-12-22,holiday
1650,2024-12-29,holiday
1651,2024-12-30,holiday
1652,2024-12-31,holiday
0,2011-02-22,preholiday
1,2011-03-05,preholiday
2,2011-11-03,preholiday
3,2012-02-22,preholiday
4,2012-03-07,preholiday
5,2012-04-28,preholiday
6,2012-05-12,preholiday
7,2012-06-09,preholiday
8,2012-12-29,preholiday
9,2013-02-22,preholiday
10,2013-03-07,preholiday
11,2013-04-30,preholiday
12,2013-05-08,preholiday
13,2013-06-11,preholiday
14,2013-12-31,preholiday
15,2014-02-24,preholiday
16,2014-03-07,preholiday
17,2014-04-30,preholiday
18,2014-05-08,preholiday
19,2014-06-11,preholiday
20,2014-12-31,preholiday
21,2015-04-30,preholiday
22,2015-05-08,preholiday
23,2015-06-11,preholiday
24,2015-11-03,preholiday
25,2015-12-31,preholiday
26,2016-02-20,preholiday
27,2016-11-03,preholiday
28,2017-02-22,preholiday
29,2017-03-07,preholiday
30,2017-11-03,preholiday
31,2018-02-22,preholiday
32,2018-03-07,preholiday
33,2018-04-28,preholiday
34,2018-05-08,preholiday
35,2018-06-09,preholiday
36,2018-12-29,preholiday
37,2019-02-22,preholiday
38,2019-03-07,preholiday
39,2019-04-30,preholiday
40,2019-05-08,preholiday
41,2019-06-11,preholiday
42,2019-12-31,preholiday
43,2020-06-11,preholiday
44,2020-11-03,preholiday
45,2020-12-31,preholiday
46,2021-02-20,preholiday
47,2021-04-30,preholiday
48,2021-06-11,preholiday
49,2021-11-03,preholiday
50,2022-02-22,preholiday
51,2022-03-05,preholiday
52,2022-11-03,preholiday
53,2023-02-22,preholiday
54,2023-03-07,preholiday
55,2023-11-03,preholiday
56,2024-02-22,preholiday
57,2024-03-07,preholiday
58,2024-05-08,preholiday
59,2024-06-11,preholiday
60,2024-11-02,preholiday
0,2020-03-30,nowork
1,2020-03-31,nowork
2,2020-04-01,nowork
3,2020-04-02,nowork
4,2020-04-03,nowork
5,2020-04-06,nowork
6,2020-04-07,nowork
7,2020-04-08,nowork
8,2020-04-09,nowork
9,2020-04-10,nowork
10,2020-04-13,nowork
11,2020-04-14,nowork
12,2020-04-15,nowork
13,2020-04-16,nowork
14,2020-04-17,nowork
15,2020-04-20,nowork
16,2020-04-21,nowork
17,2020-04-22,nowork
18,2020-04-23,nowork
19,2020-04-24,nowork
20,2020-04-27,nowork
21,2020-04-28,nowork
22,2020-04-29,nowork
23,2020-04-30,nowork
24,2020-05-06,nowork
25,2020-05-07,nowork
26,2020-05-08,nowork
27,2020-06-24,nowork
28,2021-05-04,nowork
29,2021-05-05,nowork
30,2021-05-06,nowork
31,2021-05-07,nowork
32,2021-11-01,nowork
33,2021-11-02,nowork
34,2021-11-03,nowork
